USE APUESTAS
GO
INSERT INTO USUARIOS (NOMBRE, EMAIL, CONTRASENA, SALDO) VALUES
	('Amador', 'amador@gmail.com', '123456', 50.00),
	('Alejandro', 'segura@gmail.com', '123456', 100.00)

INSERT INTO USUARIOS (NOMBRE, EMAIL, CONTRASENA) VALUES
	('Jesus', 'zamudio@gmail.com', '123456')

UPDATE USUARIOS SET SALDO = SALDO + 30000


INSERT INTO COMBATES (FECHA_INICIO, FECHA_FIN, ADMITE_APUESTAS, MAX_APUESTAS_POR_GANADOR, MAX_APUESTAS_POR_TIPO_VICTORIA, MAX_APUESTAS_POR_PUNTUACION) VALUES
	('01/11/20', '02/11/20', 1, 100, 100, 100),
	('01/11/20', '02/11/20', 1, 150, 150, 150)

INSERT INTO APUESTAS (NOMBRE_USUARIO, ID_COMBATE, CANTIDAD, FECHA, CUOTA) VALUES
	('Jesus', 1, 2, '30/10/20', 01.00),
	('Amador', 1, 20, '30/10/20', 03.00),
	('Alejandro', 1, 40, '30/10/20', 02.00),
	('Jesus', 2, 50, '30/10/20', 01.50),
	('Amador', 2, 3000, '30/10/20', 02.50),
	('Alejandro', 2, 10, '30/10/20', 02.50)

INSERT INTO BOXEADORES (NOMBRE) VALUES
	('Mac Janson'), ('Paco Abreu'), ('Antonio Sanjuan')

INSERT INTO APUESTAS_POR_GANADOR(ID_APUESTA, NOMBRE_GANADOR) VALUES
	(1, 'Mac Janson')

INSERT INTO APUESTAS_POR_GANADOR(ID_APUESTA, NOMBRE_GANADOR) VALUES
	(2, 'Mac Janson')

INSERT INTO APUESTAS_POR_PUNTUACION (ID_APUESTA, PUNTUACION) VALUES
	(3, 24),
	(4, 19)

INSERT INTO APUESTAS_POR_TIPO_DE_VICTORIA(ID_APUESTA, TIPO_DE_VICTORIA) VALUES
	(5, 'KO'),
	(6, 'PUNTUACION')

INSERT INTO COMPETICIONES (ID_COMBATE, NOMBRE_BOXEADOR) VALUES
	(1, 'Paco Abreu'),
	(1, 'Mac Janson'),
	(2, 'Antonio Sanjuan'),
	(2, 'Mac Janson')

INSERT INTO PUNTUACIONES (ID_COMPETICION, RONDA, PUNTUACION) VALUES
	(1,1,5), (2,1,3),
	(1,2,7), (2,2,6),
	(1,3,0), (2,3,9), -- Nota mental: este combate lo debería ganar MaC Janson

	(3,1,7), (4,1,8),
	(3,2,1), (4,2,7),
	(3,3,4), (4,3,6),
	(3,4,2), (4,4,5),
	(3,5,5), (4,5,5) -- Nota mental: este combate lo debería ganar MaC Janson

